,備考,エヴァン,ハイディ,ゾーイ,コナー,ジャレッド,アラナ,シンシア,ラリー
2026/7/25 12:00,,吉沢 亮,安蘭けい,木下晴香,廣瀬友祐,上口耕平,宮澤佐江,瀬奈じゅん,新納慎也
2026/7/25 17:00,,柿澤勇人,堀内敬子,松岡茉優,立石俊樹,須賀健太,高野菜々,マルシア,石井一孝
2026/7/26 12:00,,吉沢 亮,安蘭けい,木下晴香,廣瀬友祐,上口耕平,宮澤佐江,瀬奈じゅん,新納慎也
2026/7/28 13:00,,柿澤勇人,堀内敬子,松岡茉優,立石俊樹,須賀健太,高野菜々,マルシア,石井一孝
2026/7/28 18:00,,吉沢 亮,安蘭けい,木下晴香,廣瀬友祐,上口耕平,宮澤佐江,瀬奈じゅん,新納慎也
2026/7/29 13:00,,吉沢 亮,安蘭けい,木下晴香,廣瀬友祐,上口耕平,宮澤佐江,瀬奈じゅん,新納慎也
2026/7/30 13:00,,柿澤勇人,堀内敬子,松岡茉優,廣瀬友祐,上口耕平,高野菜々,マルシア,新納慎也
2026/7/30 18:00,イベント,吉沢 亮,安蘭けい,木下晴香,立石俊樹,須賀健太,宮澤佐江,瀬奈じゅん,石井一孝
2026/7/31 13:00,,柿澤勇人,堀内敬子,松岡茉優,廣瀬友祐,須賀健太,高野菜々,瀬奈じゅん,石井一孝
2026/8/1 12:00,貸切,吉沢 亮,堀内敬子,木下晴香,立石俊樹,須賀健太,高野菜々,マルシア,新納慎也
2026/8/1 17:00,貸切,柿澤勇人,安蘭けい,松岡茉優,廣瀬友祐,上口耕平,宮澤佐江,瀬奈じゅん,石井一孝
2026/8/2 12:00,貸切,柿澤勇人,堀内敬子,松岡茉優,立石俊樹,須賀健太,高野菜々,マルシア,新納慎也
2026/8/4 13:00,,吉沢 亮,堀内敬子,松岡茉優,立石俊樹,上口耕平,宮澤佐江,マルシア,石井一孝
2026/8/4 18:00,イベント,柿澤勇人,安蘭けい,木下晴香,廣瀬友祐,須賀健太,高野菜々,瀬奈じゅん,新納慎也
2026/8/5 13:00,イベント,柿澤勇人,堀内敬子,松岡茉優,廣瀬友祐,上口耕平,高野菜々,マルシア,石井一孝
2026/8/6 13:00,貸切,吉沢 亮,安蘭けい,木下晴香,廣瀬友祐,上口耕平,宮澤佐江,瀬奈じゅん,新納慎也
2026/8/6 18:00,,柿澤勇人,堀内敬子,松岡茉優,立石俊樹,須賀健太,高野菜々,マルシア,石井一孝
2026/8/7 13:00,,柿澤勇人,安蘭けい,木下晴香,立石俊樹,須賀健太,高野菜々,マルシア,新納慎也
2026/8/8 12:00,,柿澤勇人,堀内敬子,松岡茉優,立石俊樹,上口耕平,宮澤佐江,瀬奈じゅん,石井一孝
2026/8/8 17:00,貸切,吉沢 亮,安蘭けい,木下晴香,廣瀬友祐,須賀健太,高野菜々,マルシア,新納慎也
2026/8/9 12:00,,吉沢 亮,堀内敬子,木下晴香,立石俊樹,須賀健太,宮澤佐江,瀬奈じゅん,新納慎也
2026/8/11 12:00,祝日,柿澤勇人,堀内敬子,木下晴香,廣瀬友祐,須賀健太,高野菜々,マルシア,石井一孝
2026/8/11 17:00,祝日,吉沢 亮,安蘭けい,松岡茉優,廣瀬友祐,上口耕平,宮澤佐江,瀬奈じゅん,新納慎也
2026/8/12 13:00,貸切,吉沢 亮,安蘭けい,木下晴香,立石俊樹,上口耕平,宮澤佐江,瀬奈じゅん,石井一孝
2026/8/13 13:00,貸切,柿澤勇人,堀内敬子,松岡茉優,立石俊樹,須賀健太,宮澤佐江,マルシア,新納慎也
2026/8/13 18:00,,吉沢 亮,安蘭けい,木下晴香,廣瀬友祐,上口耕平,高野菜々,瀬奈じゅん,石井一孝
2026/8/14 13:00,,柿澤勇人,堀内敬子,松岡茉優,立石俊樹,須賀健太,高野菜々,瀬奈じゅん,新納慎也
2026/8/15 12:00,,柿澤勇人,安蘭けい,松岡茉優,廣瀬友祐,須賀健太,高野菜々,マルシア,石井一孝
2026/8/15 17:00,,吉沢 亮,堀内敬子,木下晴香,立石俊樹,上口耕平,宮澤佐江,瀬奈じゅん,新納慎也
2026/8/16 12:00,,吉沢 亮,安蘭けい,松岡茉優,廣瀬友祐,上口耕平,宮澤佐江,マルシア,石井一孝
2026/8/18 13:00,,柿澤勇人,安蘭けい,木下晴香,立石俊樹,上口耕平,宮澤佐江,瀬奈じゅん,新納慎也
2026/8/18 18:00,イベント,吉沢 亮,堀内敬子,松岡茉優,廣瀬友祐,須賀健太,高野菜々,マルシア,石井一孝
2026/8/19 13:00,貸切,柿澤勇人,堀内敬子,木下晴香,廣瀬友祐,須賀健太,高野菜々,マルシア,石井一孝
2026/8/20 13:00,貸切,吉沢 亮,安蘭けい,松岡茉優,立石俊樹,上口耕平,宮澤佐江,瀬奈じゅん,新納慎也
2026/8/20 18:00,,柿澤勇人,堀内敬子,木下晴香,立石俊樹,須賀健太,高野菜々,マルシア,石井一孝
2026/8/21 13:00,,柿澤勇人,堀内敬子,松岡茉優,立石俊樹,須賀健太,高野菜々,マルシア,石井一孝
2026/8/22 12:00,,吉沢 亮,安蘭けい,木下晴香,廣瀬友祐,上口耕平,宮澤佐江,瀬奈じゅん,新納慎也
2026/8/22 17:00,,柿澤勇人,堀内敬子,松岡茉優,立石俊樹,須賀健太,高野菜々,マルシア,石井一孝
2026/8/23 12:00,,吉沢 亮,安蘭けい,木下晴香,廣瀬友祐,上口耕平,宮澤佐江,瀬奈じゅん,新納慎也
