日時,備考,クレア
2026/11/20 18:00,,木下晴香
2026/11/21 18:00,,花澤香菜
2026/11/22 13:00,,木下晴香
2026/11/23 13:00,,花澤香菜
2026/11/23 18:00,,木下晴香
2026/11/25 13:00,,木下晴香
2026/11/25 18:00,貸切,花澤香菜
2026/11/26 13:00,貸切,木下晴香
2026/11/27 13:00,,花澤香菜
2026/11/27 18:00,,木下晴香
2026/11/28 13:00,,花澤香菜
2026/11/29 13:00,,木下晴香
2026/11/29 18:00,,花澤香菜
2026/12/1 13:00,貸切,木下晴香
2026/12/1 18:00,,木下晴香
2026/12/2 13:00,貸切,木下晴香
2026/12/3 13:00,,花澤香菜
2026/12/3 18:00,,木下晴香
2026/12/4 13:00,,花澤香菜
2026/12/5 13:00,貸切（TOHO-ONEプレミアム会員）,花澤香菜
2026/12/5 18:00,貸切,花澤香菜
2026/12/6 12:00,,花澤香菜
2026/12/9 18:00,貸切,木下晴香
2026/12/10 13:00,貸切,花澤香菜
2026/12/10 18:00,,木下晴香
2026/12/11 13:00,,花澤香菜
2026/12/12 13:00,,木下晴香
2026/12/12 18:00,,花澤香菜
2026/12/13 12:00,,花澤香菜
