,備考,ロジャー,ミミ,コリンズ,エンジェル,モーリーン,ジョアンヌ
2026/10/15 18:00,,木原瑠生,Beverly,加藤潤一,坂口涼太郎,KIMIKA,宮本美季
2026/10/16 18:00,,RIKU,遥海,石井一彰,髙橋 颯,住田愛子,塚本 直
2026/10/17 13:00,,木原瑠生,遥海,加藤潤一,髙橋 颯,KIMIKA,塚本 直
2026/10/17 18:00,,RIKU,Beverly,石井一彰,坂口涼太郎,住田愛子,宮本美季
2026/10/18 13:00,,RIKU,Beverly,石井一彰,坂口涼太郎,KIMIKA,宮本美季
2026/10/18 18:00,,木原瑠生,遥海,加藤潤一,髙橋 颯,住田愛子,塚本 直
2026/10/20 13:00,,木原瑠生,遥海,石井一彰,坂口涼太郎,住田愛子,塚本 直
2026/10/20 18:00,,RIKU,Beverly,石井一彰,髙橋 颯,KIMIKA,宮本美季
2026/10/21 13:00,貸切,木原瑠生,Beverly,加藤潤一,髙橋 颯,KIMIKA,塚本 直
2026/10/22 18:00,,木原瑠生,遥海,石井一彰,坂口涼太郎,住田愛子,宮本美季
2026/10/23 13:00,,RIKU,遥海,加藤潤一,髙橋 颯,住田愛子,塚本 直
2026/10/24 13:00,,木原瑠生,Beverly,石井一彰,髙橋 颯,KIMIKA,宮本美季
2026/10/24 18:00,,木原瑠生,遥海,加藤潤一,髙橋 颯,住田愛子,宮本美季
2026/10/25 13:00,貸切,木原瑠生,Beverly,加藤潤一,坂口涼太郎,住田愛子,塚本 直
2026/10/25 18:00,,RIKU,遥海,石井一彰,坂口涼太郎,KIMIKA,宮本美季
2026/10/27 13:00,,木原瑠生,Beverly,加藤潤一,髙橋 颯,住田愛子,宮本美季
2026/10/28 13:00,,RIKU,遥海,石井一彰,坂口涼太郎,KIMIKA,塚本 直
2026/10/29 18:00,,木原瑠生,遥海,加藤潤一,髙橋 颯,KIMIKA,宮本美季
2026/10/30 13:00,,RIKU,Beverly,石井一彰,髙橋 颯,住田愛子,宮本美季
2026/10/31 13:00,,木原瑠生,Beverly,石井一彰,坂口涼太郎,KIMIKA,塚本 直
2026/10/31 18:00,,RIKU,遥海,加藤潤一,髙橋 颯,KIMIKA,宮本美季
2026/11/1 13:00,貸切,RIKU,遥海,加藤潤一,坂口涼太郎,住田愛子,宮本美季
2026/11/1 18:00,,RIKU,Beverly,石井一彰,髙橋 颯,住田愛子,塚本 直
2026/11/3 13:00,,木原瑠生,遥海,加藤潤一,坂口涼太郎,KIMIKA,宮本美季
2026/11/3 18:00,,RIKU,Beverly,石井一彰,坂口涼太郎,KIMIKA,塚本 直
2026/11/4 13:00,,RIKU,Beverly,加藤潤一,坂口涼太郎,住田愛子,塚本 直
2026/11/5 18:00,貸切,木原瑠生,遥海,石井一彰,髙橋 颯,KIMIKA,塚本 直
2026/11/6 13:00,,RIKU,Beverly,加藤潤一,髙橋 颯,住田愛子,宮本美季
2026/11/7 13:00,,木原瑠生,Beverly,石井一彰,坂口涼太郎,KIMIKA,宮本美季
2026/11/7 18:00,貸切,木原瑠生,遥海,加藤潤一,坂口涼太郎,住田愛子,塚本 直
2026/11/8 13:00,貸切,RIKU,遥海,加藤潤一,坂口涼太郎,住田愛子,宮本美季
2026/11/8 18:00,,RIKU,Beverly,石井一彰,髙橋 颯,KIMIKA,塚本 直
2026/11/10 13:00,,RIKU,遥海,加藤潤一,髙橋 颯,住田愛子,宮本美季
2026/11/10 18:00,貸切,RIKU,Beverly,加藤潤一,坂口涼太郎,KIMIKA,塚本 直
2026/11/11 13:00,貸切,木原瑠生,Beverly,石井一彰,坂口涼太郎,KIMIKA,塚本 直
2026/11/12 13:00,,木原瑠生,遥海,石井一彰,髙橋 颯,住田愛子,塚本 直
2026/11/12 18:00,,木原瑠生,Beverly,加藤潤一,坂口涼太郎,KIMIKA,宮本美季
2026/11/13 13:00,,RIKU,遥海,石井一彰,髙橋 颯,住田愛子,塚本 直
