日時,備考,ロイド・フォージャー,ヨル・フォージャー,アーニャ・フォージャー,シルヴィア・シャーウッド
2026/9/22 17:45,,森崎ウィン,唯月ふうか,泉谷星奈,真瀬はるか
2026/9/23 12:30,,木内健人,真彩希帆,古座野 叶,真瀬はるか
2026/9/23 17:45,,森崎ウィン,唯月ふうか,真野麗花,真瀬はるか
2026/9/24 12:30,,木内健人,唯月ふうか,泉谷星奈,真瀬はるか
2026/9/26 12:30,,森崎ウィン,真彩希帆,真野麗花,真瀬はるか
2026/9/26 17:45,,木内健人,唯月ふうか,古座野 叶,真瀬はるか
2026/9/27 12:30,貸切,木内健人,真彩希帆,泉谷星奈,真瀬はるか
2026/9/28 12:30,,木内健人,唯月ふうか,古座野 叶,真瀬はるか
2026/9/28 17:45,,森崎ウィン,真彩希帆,真野麗花,真瀬はるか
2026/9/29 12:30,,森崎ウィン,唯月ふうか,古座野 叶,真瀬はるか
2026/9/30 12:30,貸切,木内健人,真彩希帆,真野麗花,真瀬はるか
2026/9/30 17:45,,森崎ウィン,唯月ふうか,泉谷星奈,真瀬はるか
2026/10/2 17:45,,木内健人,真彩希帆,真野麗花,朝夏まなと
2026/10/3 12:30,,森崎ウィン,真彩希帆,泉谷星奈,真瀬はるか
2026/10/3 17:45,,森崎ウィン,唯月ふうか,古座野 叶,朝夏まなと
2026/10/4 12:30,,木内健人,真彩希帆,真野麗花,朝夏まなと
2026/10/4 17:45,貸切,木内健人,真彩希帆,古座野 叶,真瀬はるか
2026/10/6 12:30,,森崎ウィン,唯月ふうか,泉谷星奈,朝夏まなと
2026/10/7 12:30,貸切,森崎ウィン,唯月ふうか,古座野 叶,朝夏まなと
2026/10/7 17:45,プレゼント抽選会,木内健人,唯月ふうか,泉谷星奈,真瀬はるか
2026/10/8 12:30,ステージ解説トークショー,木内健人,真彩希帆,真野麗花,真瀬はるか
2026/10/9 12:30,,森崎ウィン,真彩希帆,古座野 叶,朝夏まなと
2026/10/10 12:30,,森崎ウィン,真彩希帆,真野麗花,真瀬はるか
2026/10/10 17:45,,木内健人,唯月ふうか,泉谷星奈,朝夏まなと
2026/10/11 12:30,貸切,森崎ウィン,唯月ふうか,古座野 叶,朝夏まなと
2026/10/12 12:30,,森崎ウィン,真彩希帆,真野麗花,朝夏まなと
2026/10/12 17:45,,木内健人,唯月ふうか,泉谷星奈,真瀬はるか
2026/10/14 12:30,,木内健人,唯月ふうか,泉谷星奈,真瀬はるか
2026/10/15 12:30,,森崎ウィン,真彩希帆,真野麗花,朝夏まなと
2026/10/15 17:45,プレゼント抽選会,木内健人,唯月ふうか,古座野 叶,真瀬はるか
2026/10/16 12:30,ステージ解説トークショー,森崎ウィン,唯月ふうか,泉谷星奈,朝夏まなと
2026/10/17 12:30,,木内健人,唯月ふうか,古座野 叶,真瀬はるか
2026/10/17 17:45,,森崎ウィン,真彩希帆,真野麗花,朝夏まなと
2026/10/18 12:30,,木内健人,唯月ふうか,古座野 叶,朝夏まなと
2026/10/19 12:30,,木内健人,真彩希帆,真野麗花,朝夏まなと
2026/10/19 17:45,プレゼント抽選会,森崎ウィン,唯月ふうか,泉谷星奈,朝夏まなと
2026/10/20,,-,-,-,-
2026/10/21 12:30,,森崎ウィン,真彩希帆,真野麗花,朝夏まなと
2026/10/22 12:30,,森崎ウィン,唯月ふうか,泉谷星奈,朝夏まなと
2026/10/22 17:45,,木内健人,真彩希帆,古座野 叶,真瀬はるか
2026/10/23 12:30,,森崎ウィン,唯月ふうか,泉谷星奈,朝夏まなと
2026/10/23 17:45,,木内健人,真彩希帆,古座野 叶,真瀬はるか
2026/10/24 12:30,貸切,木内健人,真彩希帆,泉谷星奈,朝夏まなと
2026/10/25 12:30,,木内健人,唯月ふうか,真野麗花,朝夏まなと
2026/10/25 17:45,,森崎ウィン,真彩希帆,古座野 叶,真瀬はるか
2026/10/27 12:30,,木内健人,唯月ふうか,泉谷星奈,朝夏まなと
2026/10/27 17:45,貸切,森崎ウィン,真彩希帆,真野麗花,真瀬はるか
2026/10/28 12:30,,森崎ウィン,真彩希帆,古座野 叶,真瀬はるか
2026/10/29 12:30,,森崎ウィン,唯月ふうか,泉谷星奈,真瀬はるか
2026/10/29 17:45,,木内健人,真彩希帆,真野麗花,朝夏まなと
