,備考,モリー,カール
2026/8/8 18:00,,星風まどか,鈴木拡樹
2026/8/9 13:00,,竹内 夢,太田基裕
2026/8/9 18:00,,星風まどか,太田基裕
2026/8/11 13:00,,竹内 夢,鈴木拡樹
2026/8/11 18:00,,竹内 夢,太田基裕
2026/8/12 13:00,,星風まどか,鈴木拡樹
2026/8/13 13:00,,星風まどか,太田基裕
2026/8/13 18:00,,竹内 夢,鈴木拡樹
2026/8/14 13:00,,竹内 夢,鈴木拡樹
2026/8/15 13:00,,星風まどか,鈴木拡樹
2026/8/15 18:00,,星風まどか,太田基裕
2026/8/16 13:00,トークショー／貸切,竹内 夢,太田基裕
2026/8/18 13:00,,星風まどか,鈴木拡樹
2026/8/18 18:00,,竹内 夢,鈴木拡樹
2026/8/19 13:00,,竹内 夢,太田基裕
2026/8/20 13:00,,竹内 夢,太田基裕
2026/8/20 18:00,トークショー,星風まどか,鈴木拡樹
2026/8/21 13:00,貸切,星風まどか,太田基裕
2026/8/21 18:00,貸切,竹内 夢,太田基裕
2026/8/22 13:00,,竹内 夢,鈴木拡樹
2026/8/23 13:00,,星風まどか,鈴木拡樹
2026/8/25 13:00,,竹内 夢,鈴木拡樹
2026/8/25 18:00,貸切,星風まどか,鈴木拡樹
2026/8/26 13:00,貸切,星風まどか,太田基裕
2026/8/27 13:00,,竹内 夢,太田基裕
2026/8/27 18:00,,星風まどか,太田基裕
2026/8/28 13:00,,星風まどか,鈴木拡樹
2026/8/29 13:00,,星風まどか,太田基裕
2026/8/30 12:00,,竹内 夢,太田基裕