日時,備考,ジョルジュ,ザザ,ジャン・ミッシェル
2026/12/9 18:00,,鹿賀丈史,市村正親,内海啓貴
2026/12/10 13:00,,佐藤隆紀,石丸幹二,山田健登
2026/12/10 18:00,,鹿賀丈史,市村正親,内海啓貴
2026/12/12 13:00,,鹿賀丈史,市村正親,内海啓貴
2026/12/12 18:00,,佐藤隆紀,石丸幹二,山田健登
2026/12/13 13:00,貸切,鹿賀丈史,市村正親,内海啓貴
2026/12/14 13:00,,佐藤隆紀,石丸幹二,山田健登
2026/12/14 18:00,,鹿賀丈史,市村正親,内海啓貴
2026/12/15 13:00,アフタートーク,鹿賀丈史,市村正親,内海啓貴
2026/12/16 13:00,,鹿賀丈史,市村正親,内海啓貴
2026/12/16 18:00,,佐藤隆紀,石丸幹二,山田健登
2026/12/17 13:00,アフタートーク,佐藤隆紀,石丸幹二,山田健登
2026/12/19 13:00,,鹿賀丈史,市村正親,内海啓貴
2026/12/19 18:00,,鹿賀丈史,市村正親,内海啓貴
2026/12/20 13:00,,鹿賀丈史,市村正親,内海啓貴
2026/12/21 13:00,,佐藤隆紀,石丸幹二,山田健登
2026/12/21 18:00,,佐藤隆紀,石丸幹二,山田健登
2026/12/22 13:00,,鹿賀丈史,市村正親,内海啓貴
2026/12/23 13:00,,鹿賀丈史,市村正親,内海啓貴
2026/12/23 18:00,貸切,佐藤隆紀,石丸幹二,山田健登
2026/12/25 13:00,,佐藤隆紀,石丸幹二,山田健登
2026/12/26 13:00,貸切,鹿賀丈史,市村正親,内海啓貴
2026/12/26 18:00,貸切,佐藤隆紀,石丸幹二,山田健登
2026/12/27 13:00,,佐藤隆紀,石丸幹二,山田健登
2026/12/28 13:00,,鹿賀丈史,市村正親,内海啓貴
2026/12/28 18:00,,佐藤隆紀,石丸幹二,山田健登
2026/12/29 12:00,,鹿賀丈史,市村正親,内海啓貴
